<!--  segmenter parameters -->
<main>
  <var name="nrun"        rem="number of runs"> 5 </var>
  <var name="from"        rem="run from"> 1 </var>
  <var name="prefix"      rem="section prefix"> run </var>
  <section name="run_!0">
    <var name="nr"          rem="size of the input image (rows)"> 512 </var>
    <var name="nc"          rem="size of the input image (columns)"> 512 </var>
    <var name="ImgFile"     rem="input image filename"> "data/tm0_1_1" </var>
    <var name="ImgType"     rem="input image type"> 301 </var>
    <var name="planes"      rem="number of input image planes"> 3 </var>
    <var name="clusters"    rem="number of clusters"> 3 </var>
    <var name="iterations"  rem="maximum number of iterations"> 500 </var>
    <var name="neigh"       rem="neighbourhood weight (0 .. w/o neighbourhood)"> 64 </var>
    <var name="norm"        rem="normalize values? (0/1)"> 1 </var>
    <var name="OutFile"     rem="output image filename"> "results/seg0_1_1" </var>
    <var name="OutType"     rem="output image type"> 302 </var>
    <var name="FeatFile"    rem="features filename"> "results/feat0_1_1" </var>
    <var name="FeatType"    rem="features type"> 302 </var>
    <section name="features">
      <var name="sigma"       rem="sigma"> 5 </var>
      <var name="win"         rem="window size"> 9 </var>
      <var name="rgb2lab"     rem="convert from RGB into Lab? (0/1)"> 1 </var>
    </section>
    <section name="postprocessing">
    </section>
  </section>
  <section name="run_!1"><include>"run_!0"</include><var name="ImgFile"> "data/tm1_1_1" </var><var name="clusters"> 3 </var><var name="OutFile"> "results/seg1_1_1" </var><var name="FeatFile"> "results/feat1_1_1" </var></section>
  <section name="run_!2"><include>"run_!0"</include><var name="ImgFile"> "data/tm2_1_1" </var><var name="clusters"> 4 </var><var name="OutFile"> "results/seg2_1_1" </var><var name="FeatFile"> "results/feat2_1_1" </var></section>
  <section name="run_!3"><include>"run_!0"</include><var name="ImgFile"> "data/tm3_1_1" </var><var name="clusters"> 5 </var><var name="OutFile"> "results/seg3_1_1" </var><var name="FeatFile"> "results/feat3_1_1" </var></section>
  <section name="run_!4"><include>"run_!0"</include><var name="ImgFile"> "data/tm4_1_1" </var><var name="clusters"> 6 </var><var name="OutFile"> "results/seg4_1_1" </var><var name="FeatFile"> "results/feat4_1_1" </var></section>
  <section name="run_!5"><include>"run_!0"</include><var name="ImgFile"> "data/tm5_1_1" </var><var name="clusters"> 7 </var><var name="OutFile"> "results/seg5_1_1" </var><var name="FeatFile"> "results/feat5_1_1" </var></section>
</main>
